gyroX,gyroY,gyroZ,Time
6.2510763620189e-06,-3.0349349360789e-06,6.2943900947028e-06,0
-0.0014204107227028,-0.0013996466542768,-0.0013892340867008,0.050000000745058
-0.0009550677713679,-0.00096381495098679,-0.00093008795573897,0.10000000149012
-0.0003056893232871,-0.00032531634058287,-0.00029060383436114,0.15000000596046
-0.00038447076378082,-0.00037646394867099,-0.00037206341756262,0.20000000298023
-0.0019065296027562,-0.0018960458217112,-0.001878041274125,0.25
-0.0019899901062198,-0.0020037350072144,-0.0020062081911235,0.30000001192093
-0.0030538594617319,-0.0030274677774105,-0.0030410843379436,0.34999999403954
-0.0034927645239536,-0.0035186760928593,-0.0034722543428757,0.40000000596046
-0.0024367975179034,-0.0024842255683445,-0.0024644967794464,0.44999998807907
-0.0021042761701225,-0.0020883550203391,-0.0020865359568363,0.5
-0.001917583723931,-0.0019291070353648,-0.0019379288035547,0.55000001192093
-0.00059678514297948,-0.00059567014217844,-0.00057011192448671,0.60000002384186
-0.0011548898266835,-0.0011781152202171,-0.0011944921166374,0.64999997615814
-0.00010754809372845,-0.00010031465639326,-0.0001092217405506,0.69999998807907
-0.0019223367657761,-0.00192868115697,-0.0019098366824022,0.75
-0.0024529690393522,-0.0024481171390728,-0.0024432569699237,0.80000001192093
-0.0010969557815062,-0.0011457731088563,-0.0011408956883302,0.85000002384186
-0.00085331929827049,-0.00087375740857984,-0.00083265370212117,0.89999997615814
1.3366324500334e-05,1.2645617552219e-05,-1.0038808439127e-05,0.94999998807907
2.0615687698519e-05,-2.1403068517025e-05,1.5270841941852e-08,1
-0.0012424259834234,-0.001186778608236,-0.0012166289262654,1.0499999523163
-0.0006911608142323,-0.00068206837535277,-0.00065712804956156,1.1000000238419
0.00053011556433821,0.00051633176319973,0.00049749531968516,1.1499999761581
-0.00087671476724219,-0.00086817113197935,-0.00085601570049689,1.2000000476837
-0.0031071501115565,-0.0031210043665797,-0.0031063311932876,1.25
-0.0016175814255104,-0.0016110565226564,-0.001645172405363,1.2999999523163
-0.001063776792919,-0.0010953733910345,-0.0010884378165459,1.3500000238419
-0.0013937959373386,-0.0013699289036247,-0.0014211374324303,1.3999999761581
-0.0015762923637718,-0.0015881551341899,-0.0015825334894045,1.4500000476837
-0.0031488220574213,-0.0031727579680252,-0.0031727193639671,1.5
-0.0032088175508242,-0.00319268675038,-0.0032283520438559,1.5499999523163
-0.0029668052733306,-0.0029729312311171,-0.0029469076834997,1.6000000238419
-0.0028403256450059,-0.0027929315282305,-0.0028411540351331,1.6499999761581
-0.0031618919305656,-0.0031728681742993,-0.0031803713378179,1.7000000476837
-0.0023029593463121,-0.0023102297684098,-0.0023486828372051,1.75
-0.0018571890653708,-0.0018277548627564,-0.0018314121583881,1.7999999523163
-0.0027846947240076,-0.0027979537366351,-0.0028024865363946,1.8500000238419
-0.0044160662729808,-0.0043897095290136,-0.0044005675243308,1.8999999761581
-0.0033139633301869,-0.0033423764189647,-0.0032969816943103,1.9500000476837
-0.0013478896621666,-0.0013167566665627,-0.0013382478468895,2
-0.0024365983282389,-0.0024244677941935,-0.0024021571552239,2.0499999523163
-0.0029729260772119,-0.0029872980783156,-0.0029570281061529,2.0999999046326
-0.003000475452742,-0.0030060544453941,-0.0030105597931449,2.1500000953674
-0.0036006966881063,-0.0035805188870111,-0.0035912021364405,2.2000000476837
-0.0043646535797938,-0.0044092357851361,-0.0043934720051397,2.25
-0.0042841081540271,-0.0042950427349199,-0.0043011670758698,2.2999999523163
-0.0044120753862881,-0.0044181846412146,-0.0044285311066198,2.3499999046326
-0.0055112436244282,-0.0055039330471705,-0.0055055039607954,2.4000000953674
-0.0055154685627468,-0.005473293916328,-0.0055012153349417,2.4500000476837
-0.0039206257728091,-0.0038916059077983,-0.003877374571753,2.5
-0.0047097391583364,-0.0047267467445119,-0.0047348849222581,2.5499999523163
-0.0049682734029144,-0.0049630094075629,-0.0049678212630215,2.5999999046326
-0.0056500754750575,-0.0056500464607287,-0.0055814599478702,2.6500000953674
-0.0057572661539584,-0.0057620277351019,-0.0057149031103554,2.7000000476837
-0.005649888876222,-0.0056340836805745,-0.0056620773713113,2.75
-0.0059412405101375,-0.0059172368461334,-0.005955589087647,2.7999999523163
-0.0065732602621839,-0.0065405685266321,-0.0065553066481277,2.8499999046326
-0.0071028939797926,-0.0071066094169654,-0.0071015343734812,2.9000000953674
-0.0060468642576718,-0.0060309973238499,-0.0060702359405215,2.9500000476837
-0.0053964416817731,-0.0054045206191498,-0.0054303637726518,3
-0.0045855500582749,-0.0046137207049094,-0.004598858807032,3.0499999523163
-0.0052476745071795,-0.0052739363511599,-0.0052506829972917,3.0999999046326
-0.005673451748591,-0.0056646901961032,-0.0056838875403661,3.1500000953674
-0.0059768478171475,-0.0059970698953241,-0.005959204479607,3.2000000476837
-0.0069088974282556,-0.0069182670487792,-0.0069236315398678,3.25
-0.0066221577519537,-0.0066143800220623,-0.006606998646243,3.2999999523163
-0.0066793301155412,-0.0066928355858403,-0.0066866213828088,3.3499999046326
-0.00591540715754,-0.0059122859944096,-0.0059115607696393,3.4000000953674
-0.0048826427449674,-0.0048838441226807,-0.0048946543293879,3.4500000476837
-0.0036017543935159,-0.0036071417429468,-0.0036058587168895,3.5
-0.0040694003483537,-0.0040464065910617,-0.0040488820975753,3.5499999523163
-0.0035746022018452,-0.0035364124511518,-0.0035464377439789,3.5999999046326
-0.0037643727177011,-0.0037420292451785,-0.0037344092262306,3.6500000953674
-0.0025537140069781,-0.0025372007967743,-0.0025299843239789,3.7000000476837
-0.0019897187745757,-0.0019904367754996,-0.0019537918379175,3.75
-0.0015532738691184,-0.0015356987802818,-0.0015367984529664,3.7999999523163
-0.0020213959269012,-0.0020271154716075,-0.0020453019859234,3.8499999046326
-0.0018520795640151,-0.001897396749293,-0.0018851215424189,3.9000000953674
-0.00093967486750517,-0.00098419144559486,-0.00099096596943979,3.9500000476837
-0.0020634162690523,-0.0020919821637998,-0.0020879888901268,4
-0.0027079700874331,-0.0027136489167355,-0.0027504802974714,4.0500001907349
-0.0018890056921725,-0.0018865955738556,-0.0019180422996208,4.0999999046326
-0.0034432422780088,-0.0034446441731232,-0.0034328405592969,4.1500000953674
-0.0029865358859564,-0.0029865712654671,-0.0029981674823358,4.1999998092651
-0.0030975345568948,-0.0030955829207153,-0.0031180607390907,4.25
-0.0027785937324801,-0.0027687967942348,-0.0027643571129525,4.3000001907349
-0.0024794728420177,-0.0024643366554893,-0.0024573941684648,4.3499999046326
-0.0030463327026152,-0.0030478253692967,-0.0030363550792785,4.4000000953674
-0.0029885817997519,-0.0029932088073738,-0.0030112274358498,4.4499998092651
-0.0013887982522861,-0.0014076425764592,-0.0014232453218101,4.5
-0.0011734692838464,-0.0011718180350289,-0.0011759095539725,4.5500001907349
-0.0005099731146052,-0.00052455835531845,-0.00054157735737403,4.5999999046326
0.00022866053385873,0.00023821434071027,0.00023984078587053,4.6500000953674
-7.905773318887e-05,-4.5453500436475e-05,-7.9562580462423e-05,4.6999998092651
-0.0011178187463165,-0.0010711325567372,-0.0011057713831048,4.75
0.0001457026285006,0.00015253824031645,0.00017369763206445,4.8000001907349
0.00037213257667123,0.00036991277282707,0.00040202450096354,4.8499999046326
0.0015795456503887,0.0016059489537702,0.0016103580574415,4.9000000953674
0.0016131643249402,0.0015972767537548,0.0016208324727587,4.9499998092651
0.0036482664262607,0.003656811950674,0.0036522131075054,5
0.0030833544019751,0.0030682897273821,0.0030827157940951,5.0500001907349
0.0030917011865642,0.0030866492031254,0.0030997651264612,5.0999999046326
0.0024571810698941,0.002462199370939,0.0024712963700314,5.1500000953674
0.0026393113909993,0.0026473548211624,0.0026321891244608,5.1999998092651
0.0012670133329585,0.001243871513016,0.0012629541258077,5.25
0.0024278589443788,0.0024070176335421,0.0024418146334836,5.3000001907349
0.0013508757073302,0.00135677250621,0.0013636971880551,5.3499999046326
0.0015977433878892,0.0016174002668083,0.0016030041436682,5.4000000953674
0.0013551226110122,0.0013564473104184,0.0013427002430714,5.4499998092651
0.0030079965078526,0.0030327460591347,0.0030472189866196,5.5
0.0034566001517758,0.0034459263650038,0.0034413211199784,5.5500001907349
0.003156844752555,0.0031479898347924,0.0031478183458471,5.5999999046326
0.0045289567818381,0.0045294485283766,0.0045341873900035,5.6500000953674
0.0041453882911723,0.0041463427353808,0.0041841466165198,5.6999998092651
0.0045406557187234,0.0045360569572654,0.0045324608253616,5.75
0.0039325836898612,0.0039046345819427,0.0038979420467071,5.8000001907349
0.0046431036188203,0.0046831661012352,0.0046725709257039,5.8499999046326
0.0049956779141684,0.005032108707086,0.0050383353448667,5.9000000953674
0.005118450841913,0.0051379337466948,0.0051618369817946,5.9499998092651
0.0045473484151582,0.0045632983725812,0.0045535376920347,6
0.0044804330827344,0.0044946978694423,0.0044917593809795,6.0500001907349
0.0044661643603686,0.0044567331615721,0.0044521295713879,6.0999999046326
0.0049275234129146,0.0049031108366937,0.004894099151663,6.1500000953674
0.0041189819459772,0.004100042644033,0.004111738651503,6.1999998092651
0.0034372206342484,0.0034437135951018,0.003444187937973,6.25
0.0035930384256537,0.0036363806874551,0.0036282586335564,6.3000001907349
0.0034829179521105,0.0034824696224881,0.0034813726062065,6.3499999046326
0.0024308341684115,0.0024538240495386,0.0024072851282961,6.4000000953674
0.0035810181007795,0.0035911567830614,0.0035715689385405,6.4499998092651
0.0039131448970287,0.003906253199324,0.0038793317651705,6.5
0.0038444455230403,0.0038361999652689,0.00383973357148,6.5500001907349
0.0039022974548578,0.003887369438623,0.0039239593405762,6.5999999046326
0.0048364289630087,0.0048099646065957,0.0048452310436119,6.6500000953674
0.0050080174298704,0.005000184944951,0.0050001161917825,6.6999998092651
0.0050222383655584,0.0050151426102778,0.0050096594652605,6.75
0.0044540374967668,0.0044675786255228,0.0044617828008722,6.8000001907349
0.0048097485423848,0.0047988114774733,0.0047823932257606,6.8499999046326
0.0045585341212343,0.0045547643445976,0.0045660608868917,6.9000000953674
0.0062061733641585,0.0061935990627823,0.0061911364660686,6.9499998092651
0.0059005422415574,0.0058813277326769,0.0058528927905769,7
0.0048604624298034,0.0048400655921054,0.0048381073266952,7.0500001907349
0.0055922904004528,0.0056061358551257,0.0056127413084268,7.0999999046326
0.0057351946216844,0.0057546463156128,0.0057750821338732,7.1500000953674
0.0064772529191325,0.0064838672119828,0.006482726444209,7.1999998092651
0.0053671123232522,0.0053598468378539,0.0053518789422713,7.25
0.0051392470973607,0.005170504227768,0.0051276549438844,7.3000001907349
0.0052245185656694,0.0052421843273413,0.0052464722232047,7.3499999046326
0.0054134623905923,0.0054129721609915,0.0054156156341191,7.4000000953674
0.0042351225238271,0.0042579778496794,0.0042646908452544,7.4499998092651
0.0036440671890215,0.0036605698808094,0.003605967767702,7.5
0.0035347748807622,0.0035055005567585,0.0035095390862842,7.5500001907349
0.0049616012388933,0.0049705873522447,0.0049683970089385,7.5999999046326
0.0048504770648431,0.0048611124538378,0.0048549351914796,7.6500000953674
0.0056910485003782,0.0056789706464115,0.005687578650886,7.6999998092651
0.0060887596823603,0.0060975436182022,0.0060812914340975,7.75
0.006100942222157,0.0061162956164569,0.006118324972915,7.8000001907349
0.0056148377977636,0.0056032418013426,0.0056103460207571,7.8499999046326
0.0055397466971703,0.0055285829151047,0.0055120839500105,7.9000000953674
0.0049167894414543,0.004922041675675,0.0049089397077484,7.9499998092651
0.0052534834676996,0.0052262865033894,0.0052582220821586,8
0.0050811740760335,0.0050646649492768,0.0050973947001417,8.0500001907349
0.004376166763429,0.0043438067476163,0.004376057126326,8.1000003814697
0.0034116320622662,0.0034217003481307,0.0034184233762193,8.1499996185303
0.003591422045375,0.0035904250305002,0.0035806339164377,8.1999998092651
0.0036201034475728,0.0036231765041414,0.0036215516221466,8.25
0.0048599621742168,0.0048544850336132,0.0048543423233425,8.3000001907349
0.0051750786090448,0.0051876204761744,0.0051807590022057,8.3500003814697
0.0047102113970743,0.0047504360806452,0.004745621377615,8.3999996185303
0.0048076970586672,0.0047760829230667,0.0047934947124072,8.4499998092651
0.0041525703431204,0.0041322806092533,0.004111791708495,8.5
0.0038136980195484,0.0038040438962089,0.0037986775290185,8.5500001907349
0.0027550139809075,0.0027704572102695,0.0027655116756846,8.6000003814697
0.0014789545990065,0.0015059438551317,0.0014993461459952,8.6499996185303
0.0024394705481093,0.0024327045165751,0.0024312096745161,8.6999998092651
0.0013725735675615,0.0013816683399394,0.0013779263152286,8.75
0.0026897152066518,0.0026747040633018,0.0026720677879167,8.8000001907349
0.0030063672527164,0.0030195487027366,0.0029958253557251,8.8500003814697
0.0036428532727785,0.0036329594443952,0.0036143472602632,8.8999996185303
0.0048750384632917,0.0048526891293226,0.0048564547688218,8.9499998092651
0.0045156875896453,0.0045276108194674,0.0045399130424055,9
0.0046536656871672,0.0046513412202371,0.0046675778293774,9.0500001907349
0.0050692570926366,0.0051075143201586,0.0051134807821162,9.1000003814697
0.004705347547701,0.0047012411491534,0.0047022484229833,9.1499996185303
0.0051900053796848,0.0052155784134612,0.0052242521235099,9.1999998092651
0.004880441192373,0.0049294714359249,0.0049016391064447,9.25
0.004756528937104,0.004787709082378,0.0047701145677241,9.3000001907349
0.003558414310198,0.003559639450174,0.0035369383148679,9.3500003814697
0.0049475630421527,0.0049327651360587,0.0049591574682811,9.3999996185303
0.0059817740779295,0.0059653808464435,0.0059704053005214,9.4499998092651
0.0049696801341032,0.0050075639108492,0.0049715835176166,9.5
0.0052062208493904,0.0051981037434229,0.0052158810348884,9.5500001907349
0.0051209416060461,0.0051175905883529,0.0051335450924305,9.6000003814697
0.0047043437226164,0.0046918103485707,0.0047253275622893,9.6499996185303
0.0040892936019577,0.0041283931065361,0.0041044435237921,9.6999998092651
0.0028501328646503,0.0028648859655665,0.0028342407473888,9.75
0.0039796497240723,0.003959325504014,0.0039519295525384,9.8000001907349
0.0050383910076529,0.0050378497198693,0.0050106683052984,9.8500003814697
0.00567256324019,0.005645408016108,0.0056420198125162,9.8999996185303
0.0052802812401784,0.005278669771527,0.0052418509841127,9.9499998092651
0.0040667108755376,0.0040668563102376,0.004106304779216,10
0.0042904833905208,0.0043040015304334,0.0042867938927337,10.050000190735
0.0052296806720193,0.0052417101359742,0.0052347925049755,10.10000038147
0.0065980069709999,0.0065911134034034,0.0066021667132614,10.14999961853
0.0060442268710416,0.0060547103084179,0.0060225028398121,10.199999809265
0.005800796314097,0.0057967394556724,0.0057955320372246,10.25
0.0057457403263567,0.0057730059409571,0.0057600360907135,10.300000190735
0.0073876872957318,0.0073524471574938,0.0073495629112882,10.35000038147
0.007628093555195,0.0076668346943777,0.0076755220075538,10.39999961853
0.008282210027423,0.0082738729817902,0.0082908937420214,10.449999809265
0.0074173792656909,0.0074214824475325,0.0074264149908258,10.5
0.0067677105608007,0.0067773765106591,0.006759390713487,10.550000190735
0.0072601509469997,0.0072536717993065,0.0072854958967435,10.60000038147
0.0077294647387431,0.0076958939966499,0.0077115595344117,10.64999961853
0.0092294381930173,0.00919688443951,0.0091987438806855,10.699999809265
0.008868137981383,0.008882314211617,0.0088867618947337,10.75
0.0084805614269688,0.0085310846461493,0.008509979753099,10.800000190735
0.0080548825758088,0.0080102342876663,0.0080497293445721,10.85000038147
0.0074848749096714,0.0074646524325297,0.0074650086172837,10.89999961853
0.0070383594424593,0.0070061746383345,0.0069966136123616,10.949999809265
0.0064869011240637,0.0064863756300849,0.006499038021593,11
0.0069475882388625,0.0069433540494612,0.0069714609146357,11.050000190735
0.0068690245874207,0.0068740969394953,0.0068877021822839,11.10000038147
0.0069436777157058,0.0069381586687173,0.0069467419143797,11.14999961853
0.0058077635448235,0.0058590962662325,0.0058598223522615,11.199999809265
0.0072695190310048,0.0072712498626133,0.0072560269345533,11.25
0.0065915811895082,0.0066040252522852,0.0066156355840356,11.300000190735
0.0068346972935663,0.006858550541243,0.0068395299662418,11.35000038147
0.0075005374699894,0.0075402660484488,0.0075229741775802,11.39999961853
0.008952056163519,0.0089567904097908,0.0089653422208506,11.449999809265
0.010063182847963,0.010055868508165,0.01007848472158,11.5
0.010314251023548,0.010364481071708,0.010363144850884,11.550000190735
0.0099230818746093,0.0099116404637149,0.0099012839527068,11.60000038147
0.0097262297930908,0.0097387860739987,0.0097317795869117,11.64999961853
0.0097543829002513,0.0097679574845957,0.0097757879964554,11.699999809265
-0.73963003078485,-0.28433899821701,0.75916545666778,11.75
-0.70303676283908,-0.27146921747089,0.72028609577616,11.800000190735
-0.66666234539615,-0.25750443710208,0.68502064439893,11.85000038147
-0.63295317588994,-0.24498169894671,0.65072504965135,11.89999961853
-0.59877579174685,-0.23093042618851,0.62032687022526,11.949999809265
-0.56811522704916,-0.21925365583286,0.58968117009947,12
-0.53862679918558,-0.20776434451039,0.5609665126632,12.050000190735
-0.51082299867528,-0.19697730818234,0.53351291638527,12.10000038147
-0.48450427090439,-0.18682242708902,0.50735315974169,12.14999961853
-0.4584822843658,-0.176136271388,0.48351757439787,12.199999809265
-0.43451410162585,-0.16660656965417,0.46020829335263,12.25
-0.41253910183792,-0.15834256308504,0.43727268913426,12.300000190735
-0.39202915912758,-0.15088644927293,0.41512082520142,12.35000038147
-0.3727519441018,-0.14393158612342,0.3938586746102,12.39999961853
-0.35410518887187,-0.13696749462346,0.37403576236977,12.449999809265
-0.33476661965389,-0.12873471537163,0.35683422199975,12.5
-0.31554972951737,-0.12001623436586,0.34134270440152,12.550000190735
-0.30070707828454,-0.11511526999356,0.32323240126161,12.60000038147
-0.28593905917042,-0.10979530811403,0.30673410775822,12.64999961853
-0.27149806643136,-0.10430861727207,0.29150498368988,12.699999809265
-0.25770127928142,-0.098967602645401,0.27703253405141,12.75
-0.2443285063753,-0.093673282467508,0.26356703211797,12.800000190735
-0.23212664587128,-0.089146084266996,0.25029575246066,12.85000038147
-0.21920919664155,-0.083446083955121,0.23905362734607,12.89999961853
-0.20780604618501,-0.07888409130372,0.22751635132361,12.949999809265
-0.19768099891374,-0.07532902291162,0.21581027927267,13
-0.18676292038419,-0.070568046219948,0.20604497546169,13.050000190735
-0.1770573502273,-0.06676756840091,0.19607264175568,13.10000038147
-0.17002802157113,-0.065317607961629,0.18438701284809,13.14999961853
-0.16067409286262,-0.061223817126431,0.17602387927856,13.199999809265
-0.15291550921291,-0.058491499598399,0.1668825757014,13.25
-0.14502521830712,-0.055382488488442,0.15874781363361,13.300000190735
-0.1375513560677,-0.052404125194009,0.15106544139425,13.35000038147
-0.12901331628294,-0.048175208754379,0.1451035418104,13.39999961853
-0.12261272952401,-0.045840374715966,0.13780903334886,13.449999809265
-0.11601157315935,-0.043119113493981,0.13134786036754,13.5
-0.10984267637154,-0.040632660769797,0.1251170666934,13.550000190735
-0.10513125473546,-0.03937777330263,0.11807460819071,13.60000038147
-0.098397917215211,-0.035993890173629,0.11366218662922,13.64999961853
-0.093130064937167,-0.033798290392296,0.10831447237583,13.699999809265
-0.087870914552404,-0.03155702948618,0.10350598256999,13.75
-0.082510235711496,-0.029015209333945,0.099258601308403,13.800000190735
-0.077364250475157,-0.026589168323064,0.095349286169418,13.85000038147
-0.073322982230076,-0.02509473769176,0.090736635445448,13.89999961853
-0.070012089531538,-0.024182229686291,0.085819970985777,13.949999809265
-0.066286802869897,-0.022776281592665,0.08173749446108,14
-0.062242509809783,-0.020929951361675,0.078365659940688,14.050000190735
-0.057558117850003,-0.01830715274362,0.076045511122556,14.10000038147
-0.053122253988939,-0.015851953315621,0.073760477766962,14.14999961853
-0.050212741031969,-0.014775249002248,0.070373783990117,14.199999809265
-0.046433887988741,-0.012805532454605,0.068072139237497,14.25
-0.044510134664535,-0.012548113227139,0.064276475077653,14.300000190735
-0.041599742761241,-0.011227441249809,0.061773074090684,14.35000038147
-0.038583169951694,-0.0097584608684619,0.059598344382905,14.39999961853
-0.034525577196782,-0.0071278835923217,0.058768119973607,14.449999809265
-0.032666748920716,-0.0066757252425404,0.055962298050476,14.5
-0.030141052831841,-0.0054204322677033,0.054040312597046,14.550000190735
-0.027671419721512,-0.004196036892098,0.052302015393909,14.60000038147
-0.025253773201479,-0.0029685525958416,0.050694029151235,14.64999961853
-0.024129418472699,-0.0029784872419373,0.048007290589233,14.699999809265
-0.021277887191648,-0.0011680202215714,0.047278425324203,14.75
-0.02005646718224,-0.00097545557457812,0.045070542600741,14.800000190735
-0.018502247462192,-0.00037879197383278,0.04334945056831,14.85000038147
-0.01674934821995,0.00050128710055538,0.042015125284814,14.89999961853
-0.014938307741442,0.001427756282631,0.040893492630857,14.949999809265
-0.013710901958239,0.0018421593166835,0.039315141341499,15
-0.012563856254014,0.002176701147276,0.037830249207843,15.050000190735
-0.011683696183803,0.0023220906403989,0.03614959405945,15.10000038147
-0.01109613523934,0.0022407161578392,0.034376160896818,15.14999961853
-0.0098450029795151,0.0028270860532707,0.033371219261062,15.199999809265
-0.0082526212373406,0.0037426137454899,0.03275185143528,15.25
-0.0074556121173168,0.0039729697074008,0.031548127138432,15.300000190735
-0.006869930651254,0.00398110609394,0.030169896186241,15.35000038147
-0.0059998550853616,0.0042763379386174,0.029150559705621,15.39999961853
-0.0064359616332179,0.0033608622397702,0.027040182099739,15.449999809265
-0.006462169282471,0.0028271556273446,0.025259834001367,15.5
-0.0052398828019686,0.0035698520063282,0.024918111914297,15.550000190735
-0.0031149319560237,0.0052672793240787,0.025503019287517,15.60000038147
-0.002602107674423,0.0053568711721201,0.024606312401372,15.64999961853
-0.0015335419867174,0.006051612881199,0.024336524893079,15.699999809265
-8.5869767988359e-05,0.0071455239336067,0.02450715406094,15.75
-0.00012319164594468,0.0067044722033947,0.02319185776594,15.800000190735
0.0015672260468601,0.0080644483361733,0.02372155884147,15.85000038147
0.002484368977122,0.0086965558232542,0.023525824140674,15.89999961853
0.0034698864356175,0.0093156054757119,0.023498496838619,15.949999809265
0.0046535933987655,0.010230060436619,0.023680055964267,16
0.0056118671241212,0.010911766673832,0.023677751161969,16.049999237061
0.0056646224902404,0.010709283087271,0.022816065259811,16.10000038147
0.0063609165034852,0.011180637034237,0.022719489536956,16.14999961853
0.0058014250655806,0.010349450186981,0.021284828179105,16.200000762939
0.0061426105554719,0.010459981166113,0.020844019407606,16.25
0.005372171520801,0.0094613386036187,0.019318551966059,16.299999237061
0.0048809272491674,0.0087742438314221,0.018157145687448,16.35000038147
0.0044598801612971,0.0081511742161094,0.017050496581869,16.39999961853
0.0043979511188152,0.007907726127953,0.01639215389372,16.450000762939
0.0047889476612142,0.0081643448959174,0.016189181824005,16.5
0.0062917351796006,0.0094676261708534,0.017100344922456,16.549999237061
0.0055724883162893,0.0085860874644516,0.015845769278631,16.60000038147
0.0058187512458997,0.0086978747287549,0.015580401747787,16.64999961853
0.0065037118512124,0.0091690340185281,0.015758633856939,16.700000762939
0.0065136604379959,0.0090915098526825,0.015294692743458,16.75
0.0079711905924943,0.010423394344851,0.016300593730633,16.799999237061
0.0083169297928185,0.010657730601409,0.01623032014126,16.85000038147
0.0091873574465666,0.011394821694377,0.016681485462455,16.89999961853
0.0096415575273956,0.011718853715125,0.016819264655554,16.950000762939
0.010748905082398,0.012702464681476,0.017514027868196,17
0.011450426915336,0.013364389397198,0.017902544853274,17.049999237061
0.010872763235352,0.012654968316228,0.016967901397545,17.10000038147
0.011080357342631,0.01280928084291,0.016973996811743,17.14999961853
0.010994739513914,0.012633125390553,0.016617415910461,17.200000762939
0.010946872822858,0.012475361263445,0.016152979748814,17.25
0.011379985534552,0.012841308633175,0.01633977577661,17.299999237061
0.01197057279437,0.013346439142313,0.016658418383071,17.35000038147
0.011571397533313,0.012918791578547,0.016149603703701,17.39999961853
0.01080926199062,0.012058666224318,0.015024936995939,17.450000762939
0.011774501588747,0.012976540883222,0.015854819254757,17.5
0.012103788251043,0.013214657846873,0.015934834158489,17.549999237061
0.012410805552971,0.013451949053678,0.016021292443493,17.60000038147
0.012036494746972,0.013078174151506,0.015583829526015,17.64999961853
0.012177108095807,0.013139698170788,0.015438558288237,17.700000762939
0.010385254480583,0.011332316128236,0.013668114291165,17.75
0.010353994564255,0.011225096426683,0.013329359441936,17.799999237061
0.009274468892354,0.010107000814336,0.01210333202048,17.85000038147
0.0097259553539661,0.010527669358969,0.012405886999006,17.89999961853
0.0096997389907503,0.010481864252284,0.012366745574348,17.950000762939
0.011062213469591,0.011730808930119,0.013378673848914,18
0.010983722741877,0.011615914200841,0.013089478529394,18.049999237061
0.010864781909105,0.011458124845331,0.012966553312789,18.10000038147
0.010238617971163,0.010836784305483,0.012331287090622,18.14999961853
0.0095638351675581,0.010199483876415,0.01170141634841,18.200000762939
0.0086569858006588,0.0092204754587128,0.010544455256117,18.25
0.0079211902971169,0.0084054030272065,0.0095600509590067,18.299999237061
0.0071457566253165,0.0077213080499369,0.0090499573336051,18.35000038147
0.0073699346695587,0.0077688938518722,0.0086722207386318,18.39999961853
0.007853791178479,0.0083380602313191,0.0095080636057991,18.450000762939
0.0080991935965664,0.0083738999448607,0.0090220900189156,18.5
0.0086360188670843,0.0090647118600251,0.0099894943329389,18.549999237061
0.0083577947720413,0.0087206612139058,0.009652476496528,18.60000038147
0.0086811688408183,0.0089724046479916,0.0096170053718411,18.64999961853
0.0085924055709251,0.0089795982808186,0.009904998476135,18.700000762939
0.0085820745661978,0.0090005482271382,0.0099113113106182,18.75
0.0090235801438397,0.0093238747525094,0.0099507958523941,18.799999237061
0.0083543962635815,0.0086284737297383,0.0092866562165648,18.85000038147
0.007254904078703,0.0075603002819043,0.0081746473228736,18.89999961853
0.0055234466422111,0.0059252163547091,0.0068709024938933,18.950000762939
0.0070741923054169,0.0070521546276745,0.0070912986550996,19
0.0058893491135671,0.0059007361588458,0.0058881662334881,19.049999237061
0.0051404887251598,0.0051299320484452,0.0051739939260852,19.10000038147
0.004165680762767,0.0042044556919597,0.0042011163671357,19.14999961853
0.0028975797878828,0.0029041078824889,0.0029138420517233,19.200000762939
0.0023417426148802,0.0023342713103002,0.0023628115023395,19.25
0.002223180081612,0.002240429115982,0.0022342186463061,19.299999237061
0.0015170215641356,0.0015781977248894,0.0015217774896559,19.35000038147
0.00063533104290842,0.00064083487232316,0.0006297908383436,19.39999961853
0.00051063070368113,0.0007670125776809,0.0014596064009371,19.450000762939
0.00028450830921149,0.0002854836870491,0.00029150846684346,19.5
-0.000671790375075,-0.00040836874288362,0.00024311649848375,19.549999237061
-0.0011619910127429,-0.00088828523251258,-0.00023031692094732,19.60000038147
-0.0022636217582255,-0.0022856817172295,-0.0022693256359665,19.64999961853
-0.0016111370340156,-0.0015775013105994,-0.0015826482033904,19.700000762939
-0.0019092576620619,-0.0018766080760234,-0.0018837596942803,19.75
-0.0018520034726956,-0.0018598710799525,-0.0018774852840371,19.799999237061
-0.0011754081263927,-0.0011994376637744,-0.0011653701667532,19.85000038147
-0.00091100308753591,-0.00093112035303488,-0.00092913375508773,19.89999961853
-0.0014486629319439,-0.0014645024640131,-0.0014672708605092,19.950000762939
-0.00087594643154172,-0.00087189989676951,-0.00083942676102045,20
-0.0022060760241675,-0.0022015074721527,-0.0022048986908879,20.049999237061
-0.00096966179217742,-0.00099673513267447,-0.00099231114448303,20.10000038147
-0.0011890002811095,-0.0011477747747136,-0.0012066745588732,20.14999961853
-0.00090629832223344,-0.00096241061890678,-0.00093871143888789,20.200000762939
-9.9774496514051e-05,-8.9846914335714e-05,-7.8948256345893e-05,20.25
-0.0017688438332357,-0.0017701777841228,-0.0017575873684899,20.299999237061
-0.0024019397753543,-0.0024333213007873,-0.0024218217425282,20.35000038147
-0.0014092610674321,-0.0014344856516187,-0.0014391357435078,20.39999961853
-0.0022578972232972,-0.0022481254026841,-0.0022530481927565,20.450000762939
-0.00015827403588015,-0.00013337174102964,-0.00012319590862111,20.5
-0.00098318743104127,-0.00098372238494313,-0.00097815867998233,20.549999237061
-0.0023892801569781,-0.0023822876936708,-0.0023550316973158,20.60000038147
-0.0029321016648635,-0.0029271270756719,-0.0029457564603103,20.64999961853
-0.0020507405777552,-0.0020213836270107,-0.0020341371592939,20.700000762939
-0.0015097837724626,-0.0015188942371622,-0.0015101774138884,20.75
-0.0019509619069264,-0.0019151928596645,-0.0019241509932356,20.799999237061
-0.0024634144581263,-0.0024878167657522,-0.0024583968099031,20.85000038147
-0.0024397803271785,-0.0024508830054764,-0.0024058905095207,20.89999961853
-0.0019936292177472,-0.0019920153851551,-0.0019756560648768,20.950000762939
-0.0024224296105897,-0.0024465435366315,-0.0024423992318083,21
-0.0018235075238314,-0.0018152601973148,-0.0018578233248971,21.049999237061
-0.00043918519747849,-0.00041696682188176,-0.00039912227107978,21.10000038147
-0.00050826371718725,-0.00051216617351618,-0.00050305067192645,21.14999961853
-0.00056107575127858,-0.00054127538914439,-0.00056349627064542,21.200000762939
-0.0004748764930601,-0.00045489594204394,-0.00046184023677191,21.25
0.00048742724673367,0.00051786869861439,0.00049791480344977,21.299999237061
0.001070115847644,0.0010998746672688,0.0010762943087609,21.35000038147
0.00071162921615985,0.0007127212188765,0.00071691087547345,21.39999961853
-4.7913843129636e-05,-4.5378220498416e-05,-4.3591380997658e-05,21.450000762939
2.7247973080669e-05,5.6881718409368e-05,3.6055767546398e-05,21.5
-0.00083345609959832,-0.00086291786740834,-0.00083716634363372,21.549999237061
-0.00023876205961895,-0.00021907026674754,-0.00021559826031677,21.60000038147
-0.00062478369728212,-0.00062871217224134,-0.0006390435982497,21.64999961853
0.00066294489347542,0.00067712453713988,0.0006806220113521,21.700000762939
0.0016267613763204,0.0016569828998747,0.0016635266023628,21.75
0.0013103285767752,0.0012596408291359,0.001285759706661,21.799999237061
0.00030057379220964,0.00031313733698442,0.00032779871809455,21.85000038147
-0.00048794190328779,-0.00048766467307437,-0.00048683991544895,21.89999961853
-0.0020182264039216,-0.0020044599230171,-0.0020077781168252,21.950000762939
-0.0014952100477221,-0.0015057995828303,-0.0015162213121358,22
-0.0025655095653005,-0.0025749561670464,-0.0025623114951969,22.049999237061
-0.0019092317003596,-0.0018796001032231,-0.0019000023439874,22.10000038147
-0.0019572520629333,-0.0019693227847225,-0.0019910503853497,22.14999961853
-0.0014434444996804,-0.0014150509566742,-0.0014228258134127,22.200000762939
-0.0012282569390065,-0.0012166634534732,-0.0012323177764114,22.25
-0.0016532682554716,-0.001658366785642,-0.0016575785431778,22.299999237061
-0.0024365970476116,-0.002436940829945,-0.0024710370576912,22.35000038147
-0.0012028087980081,-0.0012015304578503,-0.0012078738525459,22.39999961853
0.00010695385889314,0.00010214077614541,8.9448699033835e-05,22.450000762939
0.0010412081058243,0.0010625293461528,0.0010142856605814,22.5
0.0015830500314711,0.0015541600601559,0.0015716227873969,22.549999237061
0.002575397578888,0.002605817768933,0.0025915164221237,22.60000038147
0.0024340179534911,0.0024664412723426,0.0024204973171597,22.64999961853
0.0029936018906353,0.0029779986533997,0.0029686054117154,22.700000762939
0.0040266725161184,0.0040388609346773,0.0039987735367923,22.75
0.003872218834642,0.0038733106824569,0.0039123751681027,22.799999237061
0.0036375035591964,0.0036389134272367,0.0036460789016168,22.85000038147
0.0032491667820339,0.003289492297344,0.003270722011889,22.89999961853
0.0020595465377593,0.0020624184537243,0.0020730371488272,22.950000762939
0.0023337746287467,0.002339351197883,0.0023197128452715,23
0.0024904546823076,0.002516905751101,0.0024993122097059,23.049999237061
0.0024200289570018,0.0024119991572877,0.0023997212584362,23.10000038147
0.001881032394742,0.001847790863328,0.0018471803634019,23.14999961853
0.0013621979553465,0.0014021515581146,0.0013845098734964,23.200000762939
0.0023736229576097,0.0023958530163534,0.0023864185525241,23.25
0.0015354796809214,0.0015303438028741,0.0015663836824559,23.299999237061
0.0015566164047308,0.001578637022959,0.0015789797606654,23.35000038147
0.0015466760891576,0.0015349668160849,0.0015437163763343,23.39999961853
0.0011375494812866,0.0011285041493308,0.0011156156708909,23.450000762939
0.0014301430877046,0.0014173474859527,0.0014523162406624,23.5
0.0013636295332533,0.0013711625752687,0.0013483961299938,23.549999237061
0.0013190742289586,0.0013072206070019,0.0012984250238556,23.60000038147
0.0016235475839474,0.0016400172291559,0.0016340645902306,23.64999961853
0.0016222605889131,0.0015947439450675,0.0016088417710083,23.700000762939
0.003376475615917,0.0033622259627122,0.0033505024944279,23.75
0.0035184417361928,0.0035277178552933,0.0035317298609002,23.799999237061
0.0037858163146786,0.0038019608742486,0.0037839310265697,23.85000038147
0.003963043393348,0.003939158979541,0.0039728319338226,23.89999961853
0.0052678568357291,0.0053106063582245,0.0052849995337355,23.950000762939
0.0040125686580165,0.0040370667532003,0.0040512199829976,24
0.0035572966110077,0.0035669033827089,0.0035692492742256,24.049999237061
0.0041191534171578,0.0041097111528617,0.0040960083331651,24.10000038147
0.0032742550706883,0.003280987515618,0.0032980002702731,24.14999961853
0.0034176644719898,0.0034409076616064,0.0034220231255738,24.200000762939
0.0019432220853683,0.0019235668900276,0.0019499349052437,24.25
0.0021030540376552,0.0021274355090049,0.0021051254935043,24.299999237061
0.0022544289163125,0.0022853195751576,0.0022803850225355,24.35000038147
0.0021587549479846,0.0021798829838583,0.0021726600285093,24.39999961853
0.0019221890222936,0.0019033835155559,0.0019187568023471,24.450000762939
0.0020953485660372,0.0020854126653269,0.0021087702776167,24.5
0.0021291019323557,0.0021053835672744,0.0021046147089936,24.549999237061
0.0018119285753825,0.0018148423712043,0.0018552855262505,24.60000038147
0.0017930868179611,0.001804400344459,0.0018209063021939,24.64999961853
0.002374813219407,0.0023611493575826,0.0023601776024876,24.700000762939
0.0018957211667552,0.0018825146147214,0.0018866168351898,24.75
0.0024168349180424,0.0023920194144281,0.0023888061330988,24.799999237061
0.0025609901627039,0.0025377217407371,0.0025401846500949,24.85000038147
0.0019513982194918,0.0019510691241451,0.0019679483836422,24.89999961853
0.0016200468082858,0.0016300185035101,0.0016003163689913,24.950000762939
0.0014528163102464,0.0015228361244262,0.0014644998970104,25
0.0018776422179919,0.0019239538182243,0.0019334366808652,25.049999237061
0.0021896767288076,0.0021971596427355,0.0021720853294654,25.10000038147
0.0036002151565084,0.0036101832062087,0.0035806093295957,25.14999961853
0.0036654815523522,0.0036647505402165,0.0036466299982288,25.200000762939
0.0035704231939129,0.0035983052522778,0.0035784409746873,25.25
0.0027019881604531,0.0026780976195518,0.0026693166291618,25.299999237061
0.0024055138211438,0.0024127550314049,0.0023844842341006,25.35000038147
0.0032556112621673,0.0032854577156669,0.0033033111478206,25.39999961853
0.004364219646536,0.004368766061812,0.0043484257033691,25.450000762939
0.0047896107169753,0.004742528396051,0.0047853472084448,25.5
0.0042057668732065,0.004200691049289,0.0042020132038015,25.549999237061
0.004637228662557,0.0046421513218743,0.0046445095081396,25.60000038147
0.0029563269148942,0.0029567872332421,0.002964958358202,25.64999961853
0.0039809354865308,0.0039941541806972,0.0039822938896485,25.700000762939
0.0030463520069466,0.0030984693061661,0.0030799033922127,25.75
0.0046975844834772,0.0047037435503849,0.0046877927465749,25.799999237061
0.0042436419184886,0.00426683991021,0.004267251480005,25.85000038147
0.004024421503917,0.0040142776459298,0.0040044093667854,25.89999961853
0.0041053314706933,0.0041036294639017,0.0041139089109199,25.950000762939
0.0038943629593232,0.0038846950168011,0.0039023917336936,26
0.00448562557894,0.0044774322406125,0.0044753422370081,26.049999237061
0.0047699324655714,0.0047787973999091,0.0047490849844157,26.10000038147
0.0040890787283203,0.0040920287920486,0.0040852034189289,26.14999961853
0.0035830457618239,0.0035706098327256,0.0036099702918124,26.200000762939
0.0035966354205801,0.0035876127841703,0.00361419313925,26.25
0.0034042695235255,0.0034482452200832,0.0034084430554382,26.299999237061
0.0028695077135494,0.0028685024670123,0.0028541389911165,26.35000038147
0.0031421569928228,0.0031787543032813,0.0031691202254507,26.39999961853
0.0031468341305756,0.0031257510964417,0.0031542543520105,26.450000762939
0.0028152467309708,0.0027949116875495,0.0027997271964088,26.5
0.0024563266191547,0.0024403669303091,0.0024194427199276,26.549999237061
0.0027143071753226,0.0026922647260711,0.0027293165121285,26.60000038147
0.0019023122003468,0.0019195389047124,0.0019610952377523,26.64999961853
0.0013055046785729,0.0012831976009801,0.001300446745192,26.700000762939
0.00089910752485857,0.00089002239505529,0.00089889945320501,26.75
0.00060276220051007,0.00061478574024838,0.00060071669849937,26.799999237061
0.0002972773864853,0.00028967709187616,0.00028541216086358,26.85000038147
-0.00087971974401845,-0.00087557532512239,-0.00089708448248961,26.89999961853
-0.00078283153550736,-0.00077208960417588,-0.00074930055895766,26.950000762939
-0.00032123326884641,-0.00030547805696027,-0.00030917120821455,27
-0.0011733349153513,-0.001177426338798,-0.0011897399324707,27.049999237061
-0.00098088724454733,-0.00099019279089781,-0.00097044473133834,27.10000038147
-0.0010098837202286,-0.00097571304649424,-0.00098842832982206,27.14999961853
-0.00023179424501773,-0.0002781959783627,-0.00027209343997398,27.200000762939
0.00055627641880481,0.00054853219077556,0.00052296898603391,27.25
0.00091298621911176,0.00088260047072868,0.00088212958892695,27.299999237061
0.0015110119859959,0.0014716939351087,0.0014735683355348,27.35000038147
0.001570559180992,0.0015503162594951,0.0015883367798302,27.39999961853
0.0010023645897126,0.0010248863656038,0.00098728868215504,27.450000762939
0.0018377702193307,0.0018373225226633,0.0018196844221788,27.5
0.0027318870730704,0.0027371466901294,0.0027587938703526,27.549999237061
0.0020662675726477,0.0020661825422076,0.0021118040310354,27.60000038147
0.00154466929118,0.0015656099794902,0.0015751062219772,27.64999961853
0.00051005875792053,0.00047218396088385,0.00051694950154858,27.700000762939
0.00079731973445825,0.00076661285856541,0.00079668563145893,27.75
9.3277249614196e-07,-2.3585825722877e-05,-4.5518017473237e-05,27.799999237061
0.00034170242919368,0.00035594659859352,0.0003667870695349,27.85000038147
0.00069680250636106,0.00067946154275832,0.00070605110123365,27.89999961853
0.00071786749591502,0.0007160620840145,0.00072124189881478,27.950000762939
0.0006339098883904,0.0006214586280876,0.00061537587779087,28
0.00069860632678313,0.00068147851934927,0.00069155953443597,28.049999237061
0.0010713025779856,0.0011274900298568,0.0011095661753304,28.10000038147
6.8598291112669e-05,8.6096772850197e-05,7.2791916676618e-05,28.14999961853
-0.00056799780635929,-0.00056000299594538,-0.00055232109630265,28.200000762939
7.065203782951e-06,-9.1836744886419e-06,3.6433504765299e-06,28.25
-0.00052719247445127,-0.00054964359454421,-0.00053235105495317,28.299999237061
-0.00010606127515336,-0.00011933754903864,-0.00012871360631455,28.35000038147
0.0006720089207289,0.00066616467535451,0.00067292872842314,28.39999961853
0.0019099468982861,0.001882869110221,0.0018875291469652,28.450000762939
0.00016369633293281,0.00017041499461455,0.00014224071805569,28.5
0.00067609216791916,0.00064507706776102,0.00066845558916474,28.549999237061
0.00029366085270495,0.00028960739246283,0.00031501954662832,28.60000038147
0.00036976577847802,0.00039898000099911,0.00037343108147417,28.64999961853
4.0263749718706e-05,4.5943645247032e-05,2.9936086078754e-05,28.700000762939
5.0409524735512e-05,6.4519402507891e-05,4.6704062954487e-05,28.75
-0.00084993636962842,-0.00086481367873935,-0.00087130340980578,28.799999237061
-0.00081947338192592,-0.0008042789653793,-0.0008150652048118,28.85000038147
0.00016165790151249,0.00017096439322242,0.00016257517897462,28.89999961853
0.00014101789262341,0.0001332881947146,0.00013062352700097,28.950000762939
0.0005594949013262,0.00057793940605501,0.00058315471468099,29
-0.00013801490389724,-0.00014604710174904,-0.00011739437635978,29.049999237061
0.00064097823060735,0.00065273810740669,0.00063009600842954,29.10000038147
0.00054642696233361,0.00052476220257688,0.0005403966730387,29.14999961853
0.0015098850094614,0.0014796483040428,0.0015142785735748,29.200000762939
0.0013122351376702,0.0013221959119517,0.0013234528031078,29.25
0.002590767238543,0.0025688700332624,0.0026042552823909,29.299999237061
0.00096910343852089,0.00098535916642108,0.0009780059629143,29.35000038147
0.00020339984219686,0.00019305883880839,0.00020939992241689,29.39999961853
0.00046644637179878,0.00046021355334104,0.00046444683291645,29.450000762939
0.0012000436579258,0.0012119614876871,0.0012122274376951,29.5
0.001472233732313,0.0014472622079971,0.001445871050153,29.549999237061
0.0015575337652747,0.0015777409892745,0.0015352550596887,29.60000038147
0.0011478911435068,0.0011484924341386,0.001153852230371,29.64999961853
0.00093207008113435,0.00090071639522791,0.00089566172738865,29.700000762939
0.00054442371935175,0.00053781173831904,0.00053002942551699,29.75
0.00038477617889531,0.00034895264550886,0.00037365458100225,29.799999237061
-2.6724248109862e-05,-1.7471051028773e-06,7.3134759146069e-06,29.85000038147
0.00098064596607399,0.00096111389972005,0.00093947862416611,29.89999961853
-0.00022133067284484,-0.00021759218691558,-0.0001885410403337,29.950000762939
0.0012060030777151,0.0011957095597146,0.0011809900211141,30
-0.00075572469275009,-0.00076351325312036,-0.0008080986930878,30.049999237061
0.00043720509158003,0.00045030450450356,0.00042154909356726,30.10000038147
0.0001386772450119,0.00015066629590108,0.00015439464224332,30.14999961853
0.00076768530731739,0.00077371133557341,0.00077451742040362,30.200000762939
0.00054806568117203,0.00055717058312696,0.00055185078174743,30.25
0.00034804390414342,0.00033702308570526,0.00034543694951306,30.299999237061
-0.00015880851349651,-0.00020989492850445,-0.00017504000335346,30.35000038147
0.0018836242890836,0.0018585229109415,0.001871671184102,30.39999961853
0.0024644919252425,0.0024730012514372,0.002463737028576,30.450000762939
0.0015150861848753,0.0015031357447723,0.0015338202252685,30.5
0.0020137557366277,0.0019828861494999,0.0019989397107143,30.549999237061
0.0025482833641311,0.0025255656184661,0.0025225752795882,30.60000038147
0.0030172777887621,0.0030480774437408,0.0030388112210255,30.64999961853
0.002877656902578,0.0028401604710827,0.0028287688781576,30.700000762939
0.0031552063956641,0.0031766118557097,0.0031815525127059,30.75
0.0032788189522795,0.0032628846667399,0.0032778358008039,30.799999237061
0.0030848491255891,0.003093515381479,0.0031222031302151,30.85000038147
0.0037208055620703,0.0037318556160355,0.003736510806075,30.89999961853
0.003738492579363,0.0037380586623543,0.0037414158711238,30.950000762939
0.0040337962911079,0.0040183567127688,0.0040227130222727,31
0.0043021303406773,0.0042952631463778,0.0043143837794461,31.049999237061
0.0040903517837438,0.0041125100151925,0.0041101977394249,31.10000038147
0.0038612206613561,0.003892189087567,0.003867578552535,31.14999961853
0.002298578567027,0.0023105018740519,0.0022586683279676,31.200000762939
0.0026891173125247,0.0026923807910342,0.0027010070255647,31.25
0.0040087384484061,0.0039770870107979,0.0039948437783863,31.299999237061
0.0030097765911869,0.003011648631388,0.0030256634011943,31.35000038147
0.0019941180283173,0.0019466006870179,0.0019661645110414,31.39999961853
0.0026048509839149,0.0025992687388699,0.0025913161080491,31.450000762939
0.0017383593771693,0.0017435758649126,0.0017531923403431,31.5
0.0025198982004831,0.0025062706098083,0.0025143532333546,31.549999237061
0.0033231965226722,0.003301500633388,0.0032991944387597,31.60000038147
0.0035701200321043,0.003575214557039,0.0035769755494033,31.64999961853
0.0040610984085548,0.0040492553026643,0.0040886872700309,31.700000762939
0.0032413668658315,0.0032114226573565,0.0032138546892693,31.75
0.0024393294358065,0.002414998008467,0.0024493783221859,31.799999237061
0.0019673432474457,0.001963885542923,0.0019456051406414,31.85000038147
0.0017348061351851,0.0017316597182087,0.0017305022099026,31.89999961853
0.0012108537801914,0.0012416209809717,0.0012450237864878,31.950000762939
0.0015352867823351,0.0015533697061815,0.0015284258376457,32
0.0019927808662562,0.0019741693063651,0.0019823908222492,32.049999237061
0.0029153162281533,0.002918534563642,0.002933716852803,32.099998474121
0.0040505912128051,0.0040568377054939,0.0040542559931472,32.150001525879
0.0044413220253423,0.0044066433911544,0.0044269988494289,32.200000762939
0.0042709420537624,0.0042806718356794,0.0042380090936928,32.25
0.0040740641253262,0.0040806219079193,0.0040708079808256,32.299999237061
0.0030134497497999,0.0029826074439386,0.003014538340023,32.349998474121
0.0024855672956718,0.0024924116200747,0.002502304153706,32.400001525879
0.001147210924543,0.0011537556754405,0.001138313827208,32.450000762939
0.0012996148226981,0.0012976024074535,0.0013070247806288,32.5
0.00012979583267313,0.00014288862404123,0.0001214702046919,32.549999237061
-0.00025193746978579,-0.00023192631720942,-0.00026881717107322,32.599998474121
0.00012343656740583,0.0001187161199895,0.00013481408269968,32.650001525879
-0.0012386421905199,-0.0012644015292439,-0.0012465788942263,32.700000762939
-0.0018490949296229,-0.0018499444364597,-0.0018424169203187,32.75
-0.0019692970043567,-0.0020165932887153,-0.0019812389523154,32.799999237061
-0.0013015649031604,-0.0012798615884955,-0.0012800948600681,32.849998474121
-0.0027435783739328,-0.0027233462778011,-0.0027341520681989,32.900001525879
-0.0044607901911513,-0.0044503890101066,-0.0044819594856148,32.950000762939
-0.0041987356339681,-0.0041947369189227,-0.0042216170734442,33
-0.0039855153448415,-0.0039339205098079,-0.0039378097158995,33.049999237061
-0.0047516880708115,-0.0047458942395317,-0.0047439668515623,33.099998474121
-0.0029736590432682,-0.0029860583834508,-0.0029739084550723,33.150001525879
-0.0032065489630196,-0.0031870982828172,-0.0031924911348847,33.200000762939
-0.0049355222192067,-0.0049827904058696,-0.0049416775327013,33.25
-0.0042972562157226,-0.0043048965841325,-0.0043123118477541,33.299999237061
-0.0044798730673819,-0.0045082405676599,-0.004481561425429,33.349998474121
-0.0050676544209289,-0.0050556342551151,-0.0050726757277681,33.400001525879
-0.0050255956740866,-0.0050272144723571,-0.0050330007712529,33.450000762939
-0.0038226150890331,-0.0038120281310742,-0.0038046338704155,33.5
-0.0040909465830479,-0.004117001218201,-0.0041027144718403,33.549999237061
-0.0060988720664523,-0.0061050328679643,-0.0060976345993,33.599998474121
-0.0059943276988168,-0.0059872194692258,-0.0059789502391738,33.650001525879
-0.0052352293036867,-0.0052191181416636,-0.0052264072535381,33.700000762939
-0.0060230152117749,-0.0059949332745551,-0.0060081548027938,33.75
-0.0047470955695206,-0.0047505190902247,-0.0047541230118267,33.799999237061
-0.0052817107587729,-0.0052699187406641,-0.005263742203808,33.849998474121
-0.0046348833637486,-0.0046393943526218,-0.0046267611330076,33.900001525879
-0.0053850148567669,-0.0054051654542696,-0.0054170923801584,33.950000762939
-0.0058032565001853,-0.0057698684889705,-0.0057930619986375,34
-0.0050268857643236,-0.0050236576054099,-0.0050270239213074,34.049999237061
-0.0064165730208123,-0.0063944580145884,-0.0064019478369128,34.099998474121
-0.0067393792751087,-0.0067648333048823,-0.0067675459631768,34.150001525879
-0.0071148159416743,-0.0071380554349759,-0.0071244677629898,34.200000762939
-0.00642491041745,-0.0064040882728278,-0.0063932514402758,34.25
-0.0072910092157861,-0.0072688045420149,-0.0072691271308703,34.299999237061
-0.0084099716508663,-0.0083975850757207,-0.008419095710254,34.349998474121
-0.0082609684312079,-0.0082705677987781,-0.0082428252359682,34.400001525879
-0.0080129021298852,-0.0079980273280472,-0.0080225395240409,34.450000762939
-0.0075395097738907,-0.0075121604143649,-0.0075250584828344,34.5
-0.0078286572883857,-0.0078598981320947,-0.0078264054273361,34.549999237061
-0.0069321426735287,-0.0069344948959464,-0.0069570281099061,34.599998474121
-0.0083513623365082,-0.0083402423552168,-0.0083372047071984,34.650001525879
-0.009103591850926,-0.0090972958111524,-0.0091408763380788,34.700000762939
-0.010164139754361,-0.010166589798224,-0.010160626978384,34.75
-0.011391017673661,-0.011383154860205,-0.011386134089101,34.799999237061
-0.012060424832578,-0.012055821270943,-0.012064432266838,34.849998474121
-0.012484021546664,-0.01248772666727,-0.012490571337532,34.900001525879
-0.011466386012595,-0.011470561350619,-0.011469078562475,34.950000762939
-0.011858805705587,-0.011895700188519,-0.011852674577034,35
-0.012382856566892,-0.012369590705519,-0.0123666024349,35.049999237061
-0.012598461346962,-0.01258057472495,-0.012615141644254,35.099998474121
-0.012429962565353,-0.012427653034449,-0.012441233347913,35.150001525879
-0.012443886859215,-0.012457496901623,-0.012469337803868,35.200000762939
-0.011776693132833,-0.011802956330727,-0.011798068898167,35.25
-0.011998499301378,-0.012042385115801,-0.012021312536322,35.299999237061
-0.010375392418859,-0.010401054126316,-0.010375823792553,35.349998474121
-0.010507373827532,-0.010496832888198,-0.010498300280469,35.400001525879
-0.010443373854363,-0.010399011837067,-0.010418631820804,35.450000762939
-0.010353273256772,-0.010374617170104,-0.01036652488605,35.5
-0.0092992416759108,-0.0093238205465294,-0.0092975081684541,35.549999237061
-0.0099237828554453,-0.0099079164333452,-0.0099136927568,35.599998474121
-0.0085615270218564,-0.0085638944057357,-0.0085568653987225,35.650001525879
-0.0089217169382154,-0.0089022097240666,-0.0089026566554341,35.700000762939
-0.0090847944405519,-0.0090880194918262,-0.0091259271727652,35.75
-0.009248487577235,-0.0092509753455026,-0.0092772568323062,35.799999237061
-0.0082180398123217,-0.0082023779008973,-0.0081792674061221,35.849998474121
-0.0086992326063222,-0.0087015232802477,-0.0086937511830168,35.900001525879
-0.0074844977472952,-0.0074846708544445,-0.0074722307097055,35.950000762939
-0.0065670945468542,-0.0065285283481784,-0.0065226095795607,36
-0.0063895607186428,-0.0063469210874577,-0.0063512189188788,36.049999237061
-0.0058355987256861,-0.0058461200958463,-0.005832414892287,36.099998474121
-0.0060499616708386,-0.0060636061980097,-0.0060239740560273,36.150001525879
-0.0058236368958936,-0.0058560904274401,-0.005831107474851,36.200000762939
-0.0059870943560696,-0.0059875618610791,-0.0059953500871885,36.25
-0.0051621650003549,-0.005127221824553,-0.0051296653104842,36.299999237061
-0.004706729753977,-0.0046825765857588,-0.0047164019340976,36.349998474121
-0.0049647481989008,-0.0049301129774783,-0.0049210960445568,36.400001525879
-0.0065313447131522,-0.0065296541789051,-0.0065550105022348,36.450000762939
-0.0049691757438742,-0.0049843323052219,-0.004969859830132,36.5
-0.0047310043378271,-0.0047518109925914,-0.0047435897825785,36.549999237061
-0.0042113969530303,-0.004224099374784,-0.0042264362894848,36.599998474121
-0.0037372759854598,-0.0037031071538689,-0.0037633799251155,36.650001525879
-0.0038707524641201,-0.0038345300665115,-0.0038652539406929,36.700000762939
-0.0024392223822593,-0.0024270431726666,-0.0024436527955803,36.75
-0.0021676033424217,-0.002145633893611,-0.0021563928506402,36.799999237061
-0.00270335167008,-0.0026954756293294,-0.0026839990702388,36.849998474121
-0.0034897279166361,-0.003526460576658,-0.0034893304511905,36.900001525879
-0.0030265694558435,-0.0030035631825725,-0.0030147361593776,36.950000762939
-0.0029477692827565,-0.0029614794403522,-0.0029424665903011,37
-0.0031180220215164,-0.0030878443692293,-0.0030984323853268,37.049999237061
-0.0028334439647845,-0.0028435744595155,-0.0028041092123828,37.099998474121
-0.0038631014915103,-0.0038316404277147,-0.0038330015521859,37.150001525879
-0.0047701883174019,-0.0047545064778696,-0.0047693979604193,37.200000762939
-0.0043423596213842,-0.0043082072592767,-0.0043461495203604,37.25
-0.0038323858132979,-0.0038269014760577,-0.0038190828176202,37.299999237061
-0.0046280337376558,-0.0046252823078948,-0.0046289951432248,37.349998474121
-0.0047977601247294,-0.0047664617666896,-0.0047790184891833,37.400001525879
-0.0057693592673461,-0.0057587447062187,-0.0057750194830437,37.450000762939
-0.0057585093277723,-0.0057512866805103,-0.0057744066358677,37.5
-0.0046563515087488,-0.0046606474373359,-0.0046165875691091,37.549999237061
-0.0053608694646125,-0.005369530257347,-0.005378742617875,37.599998474121
-0.0056482309387167,-0.0056500232616161,-0.0056253903298192,37.650001525879
-0.0052893341800204,-0.0053222822465865,-0.0053333082834865,37.700000762939
-0.0044836958618937,-0.0044873522128768,-0.004524185550463,37.75
-0.0044828554346722,-0.004523260069619,-0.0044747351071961,37.799999237061
-0.0040319682301399,-0.0040035060253095,-0.004016884136192,37.849998474121
-0.0040127445394013,-0.0040377677989651,-0.0040118472175691,37.900001525879
-0.0047443685676256,-0.0047695548407121,-0.004737089167993,37.950000762939
-0.0038169650127857,-0.0038247043907877,-0.0038333420119864,38
-0.0034360629911287,-0.0034265248116875,-0.0034081681477643,38.049999237061
-0.0032010040854862,-0.0032119695276424,-0.0031893160686441,38.099998474121
-0.004432239414545,-0.0044506396369002,-0.0044235817857044,38.150001525879
-0.004076890972664,-0.0040326588784168,-0.0040573026284345,38.200000762939
-0.003719987103564,-0.0037223361782053,-0.0037064995653791,38.25
-0.0041687669002614,-0.0041736034072662,-0.0041744786104946,38.299999237061
-0.0039289962885246,-0.0039473340219192,-0.0039293478759812,38.349998474121
-0.0029831368607062,-0.0029698725196944,-0.0029909112569892,38.400001525879
-0.0028837461938575,-0.0028720970911976,-0.0028520487003092,38.450000762939
-0.002759559847249,-0.0027409712276232,-0.0027369365867333,38.5
-0.0014350187079462,-0.0014004252814083,-0.0014094389702466,38.549999237061
0.00014303130665494,0.00017908666501275,0.00015992878311473,38.599998474121
5.0405425872254e-05,5.5466337770656e-05,5.4596962476825e-05,38.650001525879
-0.0018864940306619,-0.0018841549925789,-0.0018931927981521,38.700000762939
-0.0025193111726871,-0.0025039502093391,-0.0025121582955518,38.75
-0.0028870878342465,-0.00291376602193,-0.0028672979862352,38.799999237061
-0.0032878129615616,-0.0032904354731132,-0.0033050980341893,38.849998474121
-0.0021121733966459,-0.0021077826757783,-0.0021265743221654,38.900001525879
-0.0026741938724176,-0.0026975189398564,-0.0026988005278581,38.950000762939
-0.0026474002703492,-0.0026335619796526,-0.0026658135511985,39
-0.0025086263751021,-0.0025123969917327,-0.0024854614943641,39.049999237061
-0.0021596306234956,-0.0021424619198967,-0.0021646978269102,39.099998474121
-0.001823916729815,-0.0018118843424773,-0.0018164550949488,39.150001525879
-0.0013192432184461,-0.0013227671939247,-0.0013318117730715,39.200000762939
-0.0022573206894604,-0.0022331143082417,-0.0022449954716799,39.25
-0.0019193163101793,-0.0019157729600674,-0.0019340037284432,39.299999237061
-0.0018506004260488,-0.0018684906213521,-0.0018758051792195,39.349998474121
-0.0022992161543734,-0.0022832828330686,-0.0023025892662309,39.400001525879
-0.0028929790687089,-0.0029073477391931,-0.0028893054848495,39.450000762939
-0.0027145267224847,-0.0027161915836935,-0.0026977416583471,39.5
-0.002942117723664,-0.002924379020533,-0.002919571807559,39.549999237061
-0.0030425943727797,-0.0030356104347992,-0.0030371739666397,39.599998474121
-0.002812103863256,-0.0027964736815829,-0.0028353995439004,39.650001525879
-0.0038270622081789,-0.0038440519527813,-0.0037912481865362,39.700000762939
-0.0042731755907747,-0.0042506914543951,-0.0042493931430248,39.75
-0.0027215781599584,-0.0027474890815565,-0.0027250499776371,39.799999237061
-0.0016910245858504,-0.0016514634111048,-0.0016726578609139,39.849998474121
-0.0017524334779334,-0.0017313301713875,-0.0017166143301241,39.900001525879
-0.0016414820310111,-0.0016713588217185,-0.0016710040635046,39.950000762939
-0.0015237956749376,-0.0015172939421478,-0.0014956003350627,40
-0.0015413292698423,-0.0015360724796851,-0.0015266517631663,40.049999237061
-0.0017241450028354,-0.0017550420987218,-0.0017501845984561,40.099998474121
0.00095999039432538,0.00099104677082577,0.00096807330966332,40.150001525879
0.0011961130295975,0.0011486327110693,0.0011895575355989,40.200000762939
0.0023676021803632,0.0023644465385895,0.0023744255114996,40.25
0.0013898099979324,0.0013485927075892,0.0013713347284833,40.299999237061
0.00078119844591247,0.00077572083773246,0.00079471400465456,40.349998474121
0.00022004357551938,0.00020572764314373,0.00022851629869555,40.400001525879
0.00044372290560056,0.00044278784324884,0.00044526108215055,40.450000762939
0.0011145440803514,0.0011051652145782,0.0011520176579165,40.5
0.002995315346644,0.0030189540424698,0.0030161406248917,40.549999237061
0.0046574853468721,0.0046679172938266,0.0046313264279075,40.599998474121
0.0032233049958685,0.0032071646520288,0.003218914007653,40.650001525879
0.0030627645869734,0.0030830868737498,0.0030785799484399,40.700000762939
0.0030087446018051,0.0029940064246274,0.0030067126760053,40.75
0.0023615809866556,0.0023773910956606,0.0023815667947027,40.799999237061
0.0028744296139514,0.0028824605920188,0.0028784224403849,40.849998474121
0.0033757032496987,0.0033882188532156,0.003357748135847,40.900001525879
0.0030794493455708,0.003086678506066,0.0030633209216222,40.950000762939
0.002058974716404,0.0020846390276887,0.0020644495917695,41
0.0013474728081446,0.0013388841270661,0.0013399546539754,41.049999237061
0.0024738440645375,0.002465276686339,0.0024921653475281,41.099998474121
0.0020757072422741,0.0020519278370688,0.0020815881867121,41.150001525879
0.0014895384536659,0.0014946225219281,0.0014766267140725,41.200000762939
0.00025408459065556,0.00023386668800709,0.00022247822283428,41.25
-0.00029277247404689,-0.00026829564730256,-0.0003100436428641,41.299999237061
-0.00071941991377261,-0.00074888810442484,-0.00073817413412149,41.349998474121
0.0010024760725279,0.0010124396429284,0.0010075435748609,41.400001525879
0.0028174429504035,0.002843405265218,0.0028658250278146,41.450000762939
0.0027903196981081,0.0027640005069234,0.0027844847181916,41.5
0.0035201219312987,0.0035136035602827,0.003509151210714,41.549999237061
0.0033815060826386,0.0033545222837995,0.0033646327465865,41.599998474121
0.0030838272045342,0.0030572333236956,0.0030768769484058,41.650001525879
0.0032274647166394,0.0032295747569265,0.0032233136000826,41.700000762939
0.0021889611372285,0.002196220818292,0.0021839522849432,41.75
0.0025772594696318,0.0025961871805219,0.0025790505228697,41.799999237061
0.0024178769492649,0.0024058975606297,0.0024280370422052,41.849998474121
0.0021516759988893,0.0021588633297332,0.0021639360070061,41.900001525879
0.0029717079079754,0.0029889041826987,0.0030261478445252,41.950000762939
0.0041094251774407,0.0041180453541203,0.0040897739085021,42
0.0042764441808194,0.004282277572318,0.0042522505066124,42.049999237061
0.0047030190803847,0.0046875492304258,0.0047173529190592,42.099998474121
0.0050725437334511,0.0050583067789626,0.005079249794873,42.150001525879
0.0061993190799877,0.0062093317018873,0.0062130966542658,42.200000762939
0.0068619694321473,0.0068440997817767,0.0068441684202148,42.25
0.006572547865562,0.0066014916952326,0.006576525449995,42.299999237061
0.0070800518692503,0.0070533710879322,0.0070816309384665,42.349998474121
0.0065618307562898,0.0065835658500376,0.0065856148171544,42.400001525879
0.0077308553529678,0.0077202674075673,0.0076849777414017,42.450000762939
0.007478593693523,0.0074812433282262,0.0074717575353611,42.5
0.0082298449626485,0.0082483169510888,0.0082323748112899,42.549999237061
0.0082256813918463,0.0082160529371993,0.0081992897999951,42.599998474121
0.0085355852293419,0.0085256578709213,0.008518204746149,42.650001525879
0.0074685969631789,0.0074735664447137,0.0074848853990328,42.700000762939
0.0087552495400527,0.008723946683183,0.0087283532784363,42.75
0.0078575096957049,0.0078359830466125,0.0078497696843558,42.799999237061
0.0095018803756939,0.0094573066159265,0.009463754047245,42.849998474121
0.0097681124257491,0.0097589813325277,0.0097595453285253,42.900001525879
0.0092328192981418,0.0092379503145324,0.0092344961326181,42.950000762939
0.0097655581684948,0.0097602655379152,0.0097579503901618,43
0.010171702141716,0.010207384843204,0.010197658749473,43.049999237061
0.010267315210762,0.010322098149179,0.010297829729062,43.099998474121
0.010472934761337,0.010448461274645,0.010452477989866,43.150001525879
0.010476983543165,0.010480186452882,0.010488520129117,43.200000762939
0.0087918741489031,0.0087872654719423,0.0088179198735264,43.25
0.0080439507927966,0.0080554502075262,0.0080157447196942,43.299999237061
0.0071642994778829,0.0071461893066262,0.0071437237676574,43.349998474121
0.0074245817204477,0.0074411357862729,0.0074219464407044,43.400001525879
0.0079913940892348,0.0079932634729343,0.0079627785296643,43.450000762939
0.0080734530401384,0.0080767053657661,0.0080468347027375,43.5
0.0071114388712125,0.0071220935881598,0.0071232221066837,43.549999237061
0.0063158507866749,0.0062824147358358,0.00630846681393,43.599998474121
0.0081123951716684,0.0081303350950606,0.0081226629514503,43.650001525879
0.0081119060008927,0.0081482957404391,0.0081095287928607,43.700000762939
0.0093826313515065,0.0093961227604423,0.0094051860133849,43.75
0.010427986839834,0.010436508816133,0.010441779227814,43.799999237061
0.0094494774962816,0.0094478104817561,0.0094465280975544,43.849998474121
0.0098270811272747,0.0098142183942612,0.0098406476935393,43.900001525879
0.010883827872107,0.010884310241376,0.010876734446163,43.950000762939
0.011443756241501,0.011449138263486,0.011437933117822,44
0.011540509485182,0.011548222718056,0.011552148185127,44.049999237061
0.010500727375598,0.010528602427628,0.010501612226845,44.099998474121
0.01074077925546,0.010728985105096,0.010715004571347,44.150001525879
0.011302882765367,0.01131569293275,0.011318097227243,44.200000762939
0.011523481207858,0.011493289276846,0.011534305095268,44.25
0.011858584739304,0.011849998103011,0.011852062198703,44.299999237061
0.010160400026484,0.010151654236405,0.010145076239317,44.349998474121
0.0090384759023802,0.0090684374222545,0.0090228414328952,44.400001525879
0.0084150282383119,0.0084420550531202,0.0084759044852745,44.450000762939
0.0078772821030481,0.007898357000722,0.0079007028597842,44.5
0.0074660637398486,0.0074556028414304,0.0074854225924158,44.549999237061
0.0089219340681191,0.0089355281943191,0.0089451586136022,44.599998474121
0.0090273967649579,0.00902096436664,0.009006372298095,44.650001525879
0.0089852792027218,0.0090012462034067,0.0089716411427002,44.700000762939
0.008186837641102,0.0081912185741938,0.00818945092474,44.75
0.0086354391239676,0.008655555689318,0.0086296503933163,44.799999237061
0.0093205400731389,0.0092960897700064,0.0093042217067065,44.849998474121
0.0085769771389422,0.0086091480673069,0.0086093759976331,44.900001525879
0.0097421332638252,0.0097396787721192,0.0097516778857614,44.950000762939
0.0094056950579509,0.0093991716809283,0.0093948051458953,45
0.0085278674308577,0.008514429518865,0.0085273825870629,45.049999237061
0.0080593230307514,0.0080661780945826,0.0080432919637479,45.099998474121
0.0073322997183033,0.0073482427362636,0.0073494843400005,45.150001525879
0.0067970744000254,0.0067939866421122,0.0068016780737248,45.200000762939
0.0082709047583184,0.0082676067316731,0.0082794167141931,45.25
0.0081721422027703,0.008178599851571,0.0081622713444944,45.299999237061
0.0083969733590568,0.0084024078543365,0.0083639433762123,45.349998474121
0.0082167947665133,0.0081980582897094,0.0082096183125912,45.400001525879
0.0073358554484957,0.0073433403919433,0.0073577149549842,45.450000762939
0.0064133475726746,0.0064272257129217,0.0064257592097903,45.5
0.0067355736772317,0.0067772220255803,0.0067725969386989,45.549999237061
0.0062548074424943,0.0063067190486617,0.0062529817979999,45.599998474121
0.0065620406786668,0.0065650370899862,0.0065563327771222,45.650001525879
0.0066529855520746,0.0066640852045788,0.0066953523505819,45.700000762939
0.0062149633665251,0.0062452433832912,0.0062045102319167,45.75
0.0062106763747361,0.0062063910888826,0.0062139748537299,45.799999237061
0.0055452011215985,0.0055393274028836,0.0055610183648242,45.849998474121
0.0057378120096282,0.0057258190431366,0.0057136611752428,45.900001525879
0.0042450929778254,0.0042464569910451,0.0042340738714538,45.950000762939
0.0049019246463584,0.0049113715686491,0.0049192533402357,46
0.0048347044335219,0.0048495202760313,0.0048211171910619,46.049999237061
0.0049952478850209,0.0049959649575544,0.0050138337312823,46.099998474121
0.0061317702329282,0.0061498491764023,0.0061246184105466,46.150001525879
0.0059177857083317,0.0059019087252678,0.005926978516353,46.200000762939
0.0066859953814389,0.0066939004072642,0.0066682615304405,46.25
0.0070845267086882,0.0070426712137151,0.0070355118908396,46.299999237061
0.0061591533205026,0.0062204205289215,0.0061986619000457,46.349998474121
0.0071511347964849,0.0071532896531231,0.0071515655884729,46.400001525879
0.0083231278701898,0.008326245411985,0.0083238141414638,46.450000762939
0.0089769157469202,0.0089741376475002,0.0089857172107403,46.5
0.0092200419296937,0.0092348635671217,0.0092387777549961,46.549999237061
0.0096478166640786,0.0096514121717552,0.0096222530799907,46.599998474121
0.0097893932125442,0.0098047855627425,0.0098076084108979,46.650001525879
0.0084976175479654,0.0085330402485982,0.008530065146566,46.700000762939
0.0091287500110384,0.0091118967794349,0.0091155707608026,46.75
0.009732847027409,0.0097144357014328,0.0097382017994969,46.799999237061
0.0092726412286898,0.0092368647629935,0.0092165401715864,46.849998474121
0.0079712318008235,0.0079729034045552,0.0079556452602273,46.900001525879
0.0087330170196813,0.0087413369362208,0.0087357065467694,46.950000762939
0.0082462169222706,0.0082745436356115,0.0082488112422318,47
0.0077897854130039,0.0078329073720094,0.0077822900565691,47.049999237061
0.0074820786456084,0.0074858989385196,0.0074774644157938,47.099998474121
0.0067780491343136,0.0067671088048287,0.0067735476649669,47.150001525879
0.0064208467009243,0.0064209600959243,0.0064157056286311,47.200000762939
0.0069018868068956,0.0068675150071922,0.0068944601145225,47.25
0.007466000098856,0.0074546986867802,0.0074657496412261,47.299999237061
0.0064387316417237,0.0064364596858689,0.0064257581599754,47.349998474121
0.006537475903389,0.0065528236870465,0.0065558048018267,47.400001525879
0.0067955767346726,0.0068187519748453,0.0067805087254499,47.450000762939
0.007830388770048,0.0077826487216836,0.0078252644731924,47.5
0.0086818697867243,0.0086843174785209,0.0086706480648223,47.549999237061
0.0089384883480211,0.0089428077481353,0.0089250006502624,47.599998474121
0.011529496501062,0.011497262540261,0.011514199623827,47.650001525879
0.011630832507524,0.011620302861717,0.011661858801292,47.700000762939
0.012107541038448,0.012100788313333,0.012109869699885,47.75
0.012373536957847,0.012390052101249,0.012357376385395,47.799999237061
0.011439462205528,0.011428544726419,0.01144321377426,47.849998474121
0.012453023102527,0.012430111662216,0.01244075644192,47.900001525879
0.011373126243431,0.01137215633944,0.011395819206,47.950000762939
0.012033786596952,0.012012536299061,0.011977477101684,48
0.012390961588675,0.012402605734726,0.012418750030553,48.049999237061
0.013118962126288,0.013151386274298,0.013123173601617,48.099998474121
0.012816532099205,0.012817102501969,0.012842814418762,48.150001525879
0.012483530708134,0.012447305132766,0.012509511897665,48.200000762939
0.012372654245145,0.012401630295179,0.012399148166936,48.25
0.012093297371513,0.012122180878981,0.012100117689074,48.299999237061
0.012791981160648,0.01278804174954,0.012795222051921,48.349998474121
0.012587281946017,0.012579186992771,0.012570017313522,48.400001525879
0.012237320855303,0.012244180500023,0.012253134255599,48.450000762939
0.012366374020921,0.012380599914694,0.01236057152147,48.5
0.012162840559942,0.012156353505274,0.012149839648126,48.549999237061
0.011431456118665,0.011413303121802,0.011400824222507,48.599998474121
0.011481295376349,0.011499000291743,0.011478287529064,48.650001525879
0.012233469214563,0.012281921442659,0.012264452387191,48.700000762939
0.011227013233231,0.011216066664347,0.011203088292698,48.75
0.010262673284148,0.010248965378194,0.010277660641638,48.799999237061
0.010898314356479,0.010899019947747,0.010894491020857,48.849998474121
0.011096695511692,0.011071145328568,0.011087112813952,48.900001525879
0.009110729836869,0.0091243085875863,0.0091150657289446,48.950000762939
0.0089356918844173,0.0089277021876048,0.0089265555751189,49
0.0083323028054543,0.0083842746630418,0.0083740749448014,49.049999237061
0.0087629663185716,0.00877039591616,0.0087523893551078,49.099998474121
0.008493359418982,0.0084956055223743,0.0084641319034226,49.150001525879
0.0082807076679778,0.008271319635567,0.0082993385936773,49.200000762939
0.0082277334728114,0.0081995280170098,0.0082279280252809,49.25
0.0086450926720844,0.0086318424937553,0.0086310501977017,49.299999237061
0.0075198878257119,0.007492958277407,0.0075032352497757,49.349998474121
0.0086793280585214,0.0086561989805102,0.0086441821642204,49.400001525879
0.0090297408902309,0.0090343671290105,0.0090410716034124,49.450000762939
0.0088694531522201,0.0088925557662086,0.0088563115236099,49.5
0.0079485515610132,0.0079634892099194,0.0079679044367462,49.549999237061
0.007064641828124,0.0070638050279967,0.0070518444090837,49.599998474121
0.0071351194717957,0.0071636062274842,0.0071651334068037,49.650001525879
0.0081265256603163,0.0081549684867266,0.0081575587017712,49.700000762939
0.0075336783352608,0.0075073101991137,0.0074954209084572,49.75
0.0061962527914912,0.0062380522909746,0.0062214135117086,49.799999237061
0.0057679918098387,0.0058045515100109,0.0058170222436227,49.849998474121
0.0051613456972583,0.0051587707639055,0.0051642280834215,49.900001525879
0.0052743391925254,0.0052912327207579,0.0052990611601325,49.950000762939
0.0052097425411864,0.0052282244176727,0.0052121475515688,50
0.0042777301014425,0.004294548923746,0.0042652636332847,50.049999237061
0.0047058202544891,0.0047183173142849,0.0047001017333603,50.099998474121
0.0036183949213905,0.003612073190506,0.0036185091620858,50.150001525879
0.0033951245086214,0.0033888460599979,0.0033906111420355,50.200000762939
0.0035772328624859,0.0035629257877595,0.0035755195636227,50.25
0.0034191977336762,0.0034269419738541,0.0034177260802698,50.299999237061
0.0027487342988043,0.0027403787321986,0.0027353204167987,50.349998474121
0.0026857754753332,0.0026846955358672,0.0026964176476655,50.400001525879
0.0030585235217649,0.0030395270145067,0.0030368122168542,50.450000762939
0.0023211688120472,0.0023005231944156,0.0023197654551108,50.5
0.0015094634274158,0.0015358290059879,0.0015404360006689,50.549999237061
0.0013177665812883,0.0013663536794527,0.001321411682353,50.599998474121
0.001358677752015,0.0013852187949676,0.0013593965837293,50.650001525879
0.0029649404436652,0.0029847073990215,0.0029826828599989,50.700000762939
0.0045340846061505,0.00452687755162,0.0045441689963285,50.75
0.0031607685395083,0.0031642747194106,0.0031747006023209,50.799999237061
0.0045981629532334,0.0045899841668138,0.0045828433598919,50.849998474121
0.0039747861324298,0.0039700713513146,0.0039958281024922,50.900001525879
0.0039708035874387,0.0040128823625848,0.0040125441763457,50.950000762939
0.0048561173048061,0.0048544450246747,0.0048317026933754,51
0.0041226628500435,0.004112832452879,0.0041224508810448,51.049999237061
0.0040014674137855,0.0040093618768898,0.0039721284748872,51.099998474121
0.0036002350756976,0.0036200553755791,0.0036106755103413,51.150001525879
0.0031864477576492,0.0032005322374732,0.0031999308889471,51.200000762939
0.0030149602139583,0.0030248333586759,0.0030299184366696,51.25
0.0034215587041761,0.0034150133425921,0.0034406906189672,51.299999237061
0.0047795941321204,0.0047550043907931,0.0047896546001121,51.349998474121
0.0047425405500274,0.0047493624696253,0.0047330018564845,51.400001525879
0.0042170604462667,0.0042401285149504,0.0042052853698419,51.450000762939
0.0032765509189768,0.0032710379536151,0.0032788211422177,51.5
0.0036413381524012,0.0036477554526045,0.0036104043772811,51.549999237061
0.0050660074658357,0.0050782360762803,0.0050859528101797,51.599998474121
0.0062334693341144,0.0062024740981896,0.0062019311342824,51.650001525879
0.0056830398546398,0.0056787573712657,0.0056848781788501,51.700000762939
0.0066641127685719,0.0067027473933277,0.0067184042282897,51.75
0.0072473728010579,0.0072441541528369,0.007242958732932,51.799999237061
0.0072007993672168,0.0072176898696733,0.0072096850758714,51.849998474121
0.0070822590698505,0.0071253298227496,0.0071126124651238,51.900001525879
0.0080033777637258,0.0080397969075356,0.0080434380452215,51.950000762939
0.008613359261207,0.0085819094498363,0.0086109350435697,52
0.0094139028283086,0.0093980080769013,0.0094036699767832,52.049999237061
0.0090213397472138,0.0090282763052781,0.0090394924513266,52.099998474121
0.0092763446871116,0.0093158296304784,0.0092572460325423,52.150001525879
0.0096086632421216,0.0095968462387951,0.0095940619643017,52.200000762939
0.0096854497449282,0.0096921660051833,0.0096844623068948,52.25
0.01010813614411,0.010102487958647,0.010116338083793,52.299999237061
0.011193163339315,0.01120250793799,0.01116965293566,52.349998474121
0.010802256745097,0.010809674994726,0.010795107972473,52.400001525879
0.011640463648852,0.01168219543283,0.011652031917327,52.450000762939
0.012930707372417,0.012945805665445,0.012921001284914,52.5
0.014443960931104,0.01446429560609,0.014463151126271,52.549999237061
0.0156554629092,0.01567663970021,0.01567263561574,52.599998474121
0.014568012562248,0.014545185198147,0.014546961830118,52.650001525879
0.014119361967629,0.01413179819317,0.014110476198657,52.700000762939
0.014892230422369,0.014867648819006,0.014873225450993,52.75
0.015439510002806,0.015425446661675,0.015436991659483,52.799999237061
0.015304841199008,0.015289595840802,0.015291721621665,52.849998474121
0.016671273000403,0.016697935656365,0.01669271544668,52.900001525879
0.016074611320562,0.016084727275093,0.016080447028638,52.950000762939
0.016056762909708,0.016024855289376,0.016029054716653,53
0.01544256975921,0.015414126297596,0.015410568187744,53.049999237061
0.015342158202438,0.015309788266969,0.01535068060239,53.099998474121
0.015769926708742,0.015792111209512,0.015757132486314,53.150001525879
0.015841210317379,0.015865869950358,0.015841245393661,53.200000762939
0.014391658450493,0.014397485264536,0.014409409945277,53.25
0.013710192842707,0.013717460497917,0.013700282982327,53.299999237061
0.014350892278129,0.014315802460372,0.014294614433858,53.349998474121
0.014401909893276,0.014436266122215,0.014388581005672,53.400001525879
0.015932051416524,0.015950351351697,0.015949663739996,53.450000762939
0.016117264722331,0.016131482141141,0.016125218319081,53.5
0.017991201991198,0.018005891662391,0.018050998981905,53.549999237061
0.018142144054595,0.018158594342253,0.01814468615105,53.599998474121
0.017638229433614,0.017673298009693,0.017648904725684,53.650001525879
0.017133529562626,0.017112464385791,0.017117806612281,53.700000762939
0.015993418769388,0.016001677387832,0.015998972098213,53.75
0.015643928023308,0.015644284297849,0.015654604394866,53.799999237061
0.017028892074839,0.017031146380927,0.017055951979457,53.849998474121
0.016723339959292,0.01672400302589,0.016728257938007,53.900001525879
0.016538358452367,0.016565492941535,0.01653631128741,53.950000762939
0.017809988792546,0.0177964317602,0.017792131074795,54
0.015689179763544,0.015674142555448,0.015682784907497,54.049999237061
0.014751643000584,0.014749909665322,0.014733850017609,54.099998474121
0.014955230723209,0.014937833202433,0.014925566184594,54.150001525879
0.014262783622734,0.014249336135286,0.014262276837749,54.200000762939
0.014994889109424,0.014986813921725,0.014999760755835,54.25
0.01397850554319,0.013993337856489,0.013973868926713,54.299999237061
0.01322596498666,0.013259092636631,0.013261194023127,54.349998474121
0.012474571159907,0.012470951456796,0.012446296070496,54.400001525879
0.012875569261383,0.012884777676679,0.012855972294975,54.450000762939
0.012463224774268,0.012467977673031,0.012478679967077,54.5
0.011490350354623,0.011505275466274,0.011508629206645,54.549999237061
0.011544111289192,0.011562536327789,0.011521931543969,54.599998474121
0.011402714564,0.011421692364145,0.011419570030554,54.650001525879
0.012278834304356,0.012260261508727,0.012264035005563,54.700000762939
0.012441448526533,0.012405899258568,0.012395337843646,54.75
0.010479246256788,0.010492028204666,0.010484095422649,54.799999237061
0.010511814310653,0.010506205478319,0.010516965687464,54.849998474121
0.0097284510277561,0.0097109180145893,0.0096910254128932,54.900001525879
0.0099345395925345,0.0099495227921471,0.0099096460539879,54.950000762939
0.0095423709996119,0.0095756841297514,0.0095831929005512,55
0.0098577915291441,0.0098528211526896,0.00984767173381,55.049999237061
0.011076726540411,0.011079007022586,0.011085058042218,55.099998474121
0.010504827625584,0.010532031960901,0.010505299888156,55.150001525879
0.010977444381282,0.010982887799356,0.010968415032598,55.200000762939
0.010572516824802,0.010601236584671,0.010597134282072,55.25
0.011349535492459,0.011309856387444,0.011306591117712,55.299999237061
0.012621227759801,0.012662056570489,0.012648098809681,55.349998474121
0.012266313884798,0.012295850427657,0.012291346588465,55.400001525879
0.012180136790145,0.01218169966187,0.012189331770102,55.450000762939
0.011512973133925,0.011520019027858,0.011522206356932,55.5
0.012183814726938,0.012163473597056,0.012190785730912,55.549999237061
0.011730895182482,0.011759665446139,0.011728176353992,55.599998474121
0.01034074846116,0.010351326415554,0.01033156445098,55.650001525879
0.01117685645093,0.011194329619038,0.011187770205127,55.700000762939
0.011835221233187,0.011832396313979,0.011843460316718,55.75
0.012128254869302,0.012140109526786,0.012120115133464,55.799999237061
0.011571151932367,0.011557681783576,0.011566844863866,55.849998474121
0.012057853217147,0.012035574172787,0.01202331593592,55.900001525879
0.010622493094925,0.010666864896726,0.010659427089404,55.950000762939
0.010940485275058,0.010953674300934,0.010932756070134,56
0.010247173250214,0.010230733960158,0.010242050717158,56.049999237061
0.010219422200758,0.010248398117005,0.01023304611829,56.099998474121
0.01123042132537,0.011222719555913,0.011261215850216,56.150001525879
0.011615389097411,0.011642175631753,0.011629597474637,56.200000762939
0.010962280116266,0.010965601884204,0.010966257993098,56.25
0.011975260722453,0.01199184808987,0.011980784356519,56.299999237061
0.011991133007899,0.011979883119063,0.011957267388265,56.349998474121
0.011487637265005,0.011488218413005,0.011483205486916,56.400001525879
0.011611753133936,0.01161046547077,0.011628184664,56.450000762939
0.012482063685654,0.012507536866912,0.012510052265591,56.5
0.012444669251859,0.012446582818785,0.012464259133508,56.549999237061
0.011630569281653,0.011619196202402,0.011618440951871,56.599998474121
0.010761990532235,0.010739386526199,0.010723284170592,56.650001525879
0.010473628970869,0.010493179608629,0.010491990472037,56.700000762939
0.0099945028660172,0.010017150042084,0.0099977084156415,56.75
0.01116785033531,0.011158027315041,0.011179616986364,56.799999237061
0.011640313571265,0.011651891856999,0.011624251804646,56.849998474121
0.011372508174689,0.01135157570288,0.011369360142009,56.900001525879
0.010984054980208,0.01097126187075,0.010961619617891,56.950000762939
0.010094114668721,0.010080347349419,0.01006403017038,57
0.0087249801695723,0.0087346970578495,0.0087215596807639,57.049999237061
0.0086416102661905,0.0085897093203478,0.0085819625326458,57.099998474121
0.0076286664386383,0.0075889932526744,0.0076197601238733,57.150001525879
0.0081697905261267,0.0081590834182496,0.008149386840709,57.200000762939
0.0077709066933829,0.0077339607563353,0.0077523583277673,57.25
0.0073309523866536,0.0073286162490205,0.0073375306511833,57.299999237061
0.0074337989009106,0.0074450997623506,0.0074584257461559,57.349998474121
0.007807611619657,0.007843320622306,0.0078162217073291,57.400001525879
0.0077576468359408,0.0077519670750363,0.0077386221982661,57.450000762939
0.0091101142235687,0.0091295775926353,0.0091191811598257,57.5
0.0078795940376939,0.0078715118501853,0.0078829927148601,57.549999237061
0.0084101662955589,0.0083859183066636,0.0083982942019672,57.599998474121
0.0076600073391946,0.0076503698457494,0.0076452435704276,57.650001525879
0.0079028653782411,0.0079232044817895,0.0079103783392967,57.700000762939
0.0080874632871653,0.0080832149404769,0.0081008135018715,57.75
0.0085177625041667,0.0085082442318713,0.008523499206356,57.799999237061
0.0086623042137447,0.0086326848733894,0.0086551673623429,57.849998474121
0.0087407869967396,0.008721740248605,0.0087494816172233,57.900001525879
0.0083349923451472,0.0083470221816589,0.0083344379119381,57.950000762939
0.0082787776618637,0.0082587705841269,0.0082649606187318,58
0.008408803957535,0.0083836980498664,0.0083850580455944,58.049999237061
0.0083898336620146,0.0083618439540928,0.0083576827169903,58.099998474121
0.0085826076097665,0.0085895335356274,0.0086118103243856,58.150001525879
0.0084695019176221,0.0084616472846884,0.0084838221222508,58.200000762939
0.0085471443483679,0.0085354153879284,0.0085436829076072,58.25
0.0079314979740938,0.0079393393907459,0.0079718350881672,58.299999237061
0.0066737515986173,0.006685625349568,0.0066619947343976,58.349998474121
0.0068386817602225,0.006857002339799,0.0068554822370323,58.400001525879
0.0062705987932554,0.006275586372607,0.0062381331892449,58.450000762939
0.0061224073050887,0.0061131462334199,0.0061295490769335,58.5
0.0051321737270641,0.005167893614071,0.0051763781593837,58.549999237061
0.0041614651413254,0.0041479750348216,0.0041457317984545,58.599998474121
0.0045159225018583,0.0045599706519557,0.0045573379583415,58.650001525879
0.0038162406073653,0.0038072030394803,0.0038184382538101,58.700000762939
0.0031091865445586,0.0031268766993629,0.0031066443266375,58.75
0.0033829160918745,0.0033924700827372,0.0033648476651696,58.799999237061
0.002549908438694,0.0025811080652098,0.0025736509819907,58.849998474121
0.0027074138398572,0.0027195912288811,0.0027155825600384,58.900001525879
0.0020500690066185,0.0020508875852697,0.0020663581607445,58.950000762939
0.0023693786243682,0.0024022252627627,0.0023849182549371,59
0.0029166713513864,0.002903008483018,0.002884412817402,59.049999237061
0.0027054667841021,0.0027164526288312,0.0027181053059225,59.099998474121
0.0026312331875911,0.0026508746423012,0.0026467070661478,59.150001525879
0.0025795884285777,0.0025711592803317,0.0025768696199624,59.200000762939
0.002929702187141,0.0029497285233625,0.0029318832431059,59.25
0.0034254235571145,0.003370309714765,0.0033978808046583,59.299999237061
0.0034553912538111,0.0034577644719194,0.0034813239566598,59.349998474121
0.0034243535184789,0.0034127716827524,0.0034147923801544,59.400001525879
0.0030790684755436,0.0030830543198292,0.0031074827794285,59.450000762939
0.0030231127099823,0.0030352447268315,0.0030300288975583,59.5
0.0028485821913906,0.0028314245666385,0.0028268340732871,59.549999237061
0.0033308278535624,0.0033201510001015,0.0033273527950414,59.599998474121
0.0047592406221816,0.0047946968041934,0.0047673927167943,59.650001525879
0.0039300756784441,0.0039350056187287,0.0039422610786625,59.700000762939
0.0036842510651832,0.0036385546294158,0.003668887184734,59.75
0.0031771000669134,0.0031668928667578,0.0031637728164537,59.799999237061
0.0038842540530532,0.0038842554696001,0.0038779521758071,59.849998474121
0.0039077397949137,0.0038722116475602,0.003880615775545,59.900001525879
0.0048906235035029,0.0048896705236821,0.0048996848188904,59.950000762939
0.0051410724581026,0.0051444274422083,0.005157072543695,60
0.005451027435456,0.0054714646184439,0.005467683725832,60.049999237061
0.0050945583773028,0.0050974162450808,0.0050841038342018,60.099998474121
